Card Name|Set|Quantity
Ancient Tomb English|REGULAR SINGLE CARDS|1
Animate Dead Beta|REGULAR SINGLE CARDS|1
Archon of Cruelty|HOLO SINGLE CARDS|1
Atraxa, Grand Unifier ONE regular|HOLO SINGLE CARDS|1
Avacyn, Angel of Hope|REGULAR SINGLE CARDS|1
Azusa, Lost but Seeking sld|HOLO SINGLE CARDS|1
Badlands Beta|REGULAR SINGLE CARDS|1
Balefire Dragon|REGULAR SINGLE CARDS|1
Bayou Beta|REGULAR SINGLE CARDS|1
Blackcleave Cliffs|REGULAR SINGLE CARDS|1
Blood Crypt    Russian|REGULAR SINGLE CARDS|1
Blood Moon -- MM|REGULAR SINGLE CARDS|1
Bloodstained Mire    Italian|REGULAR SINGLE CARDS|1
Boseiju, Who Endures extend|HOLO SINGLE CARDS|1
Chrome Mox|REGULAR SINGLE CARDS|1
Cyclonic Rift|REGULAR SINGLE CARDS|1
Damn EXTEND ART|HOLO SINGLE CARDS|1
Dance of the Dead|REGULAR SINGLE CARDS|1
Dauthi Voidwalker regular|HOLO SINGLE CARDS|1
Deathrite Shaman|REGULAR SINGLE CARDS|1
Demonic Consultation|REGULAR SINGLE CARDS|1
Demonic Tutor Beta|REGULAR SINGLE CARDS|1
Diabolic Intent|REGULAR SINGLE CARDS|1
Dockside Extortionist C19|HOLO SINGLE CARDS|1
Eiganjo, Seat of the Empire borderless|HOLO SINGLE CARDS|1
Elesh Norn, Grand Cenobite|REGULAR SINGLE CARDS|1
Emrakul, the Promised End|HOLO SINGLE CARDS|1
Entomb|REGULAR SINGLE CARDS|1
Fable of the Mirror-Breaker|HOLO SINGLE CARDS|1
Fatal Push|REGULAR SINGLE CARDS|1
Fierce Guardianship|HOLO SINGLE CARDS|1
Final Fortune|REGULAR SINGLE CARDS|1
Flooded Strand    Italian|REGULAR SINGLE CARDS|1
Force of Will Alliances|REGULAR SINGLE CARDS|1
Fury borderless|HOLO SINGLE CARDS|4
Gamble|REGULAR SINGLE CARDS|1
Gemstone Caverns|REGULAR SINGLE CARDS|1
Gilded Drake|REGULAR SINGLE CARDS|1
Godless Shrine    Russian|REGULAR SINGLE CARDS|1
Grim Monolith|REGULAR SINGLE CARDS|1
Griselbrand|REGULAR SINGLE CARDS|1
Hall of Heliod's Generosity|HOLO SINGLE CARDS|1
Haunted Ridge borderless|HOLO SINGLE CARDS|1
Imperial seal|REGULAR SINGLE CARDS|1
Jeska's Will regular|HOLO SINGLE CARDS|1
Jeweled Lotus Extend Art|HOLO SINGLE CARDS|1
Ledger Shredder regular|HOLO SINGLE CARDS|1
Lion's eye Diamond English|REGULAR SINGLE CARDS|1
Mana Confluence|REGULAR SINGLE CARDS|1
Mana Crypt|REGULAR SINGLE CARDS|1
Mana Vault -- 5th|REGULAR SINGLE CARDS|1
Marsh Flats    Italian|REGULAR SINGLE CARDS|1
Mindbreak Trap|REGULAR SINGLE CARDS|1
Mox Diamond|REGULAR SINGLE CARDS|1
Mox Emerald Beta|REGULAR SINGLE CARDS|1
Mox Jet Beta|REGULAR SINGLE CARDS|1
Mox Opal English|REGULAR SINGLE CARDS|1
Mox Pearl Beta|REGULAR SINGLE CARDS|1
Mox Ruby Beta|REGULAR SINGLE CARDS|1
Mox Sapphire Beta|REGULAR SINGLE CARDS|1
Murderous Rider Book Art|HOLO SINGLE CARDS|1
Murktide Regent Sketch|HOLO SINGLE CARDS|4
Narset, Parter of Veils Japanese|REGULAR SINGLE CARDS|1
Necromancy|REGULAR SINGLE CARDS|1
Opposition Agent regular|HOLO SINGLE CARDS|1
Oracle of Mul Daya|REGULAR SINGLE CARDS|1
Otawara, Soaring City borderless|HOLO SINGLE CARDS|1
Personal Tutor|REGULAR SINGLE CARDS|1
Phantasmal Image|REGULAR SINGLE CARDS|1
Plateau Beta|REGULAR SINGLE CARDS|1
Polluted Delta    Italian|REGULAR SINGLE CARDS|1
Ponder TSR none-foil|REGULAR SINGLE CARDS|1
Praetor's Grasp|REGULAR SINGLE CARDS|1
Prismatic Vista old frame none foil|REGULAR SINGLE CARDS|1
Reanimate - Templest|REGULAR SINGLE CARDS|1
Reflecting Pool Templest|REGULAR SINGLE CARDS|1
Rhystic Study|REGULAR SINGLE CARDS|1
Sacred Foundry    RAV|REGULAR SINGLE CARDS|1
Savai Triome REGULAR|HOLO SINGLE CARDS|1
Scalding Tarn    Italian|REGULAR SINGLE CARDS|1
Scrubland Beta|REGULAR SINGLE CARDS|1
Sea Gate Restoration Extend Art|HOLO SINGLE CARDS|1
Seasoned Pyromancer|HOLO SINGLE CARDS|1
Seedborn Muse|REGULAR SINGLE CARDS|1
Sensei's Divining Top|REGULAR SINGLE CARDS|1
Shallow Grave|REGULAR SINGLE CARDS|1
Shattered Sanctum|HOLO SINGLE CARDS|1
Shatterskull Smashing|HOLO SINGLE CARDS|1
Sheoldred, Whispering One|REGULAR SINGLE CARDS|1
Sheoldred/The True Scriptures showcase|HOLO SINGLE CARDS|1
Solitude EXTEND ART Foil|FOIL SINGLE CARDS|2
Spellseeker SLD|HOLO SINGLE CARDS|1
Sulfurous Springs|REGULAR SINGLE CARDS|1
Sunbaked Canyon|HOLO SINGLE CARDS|1
Sundown Pass|HOLO SINGLE CARDS|1
Swan Song|REGULAR SINGLE CARDS|1
Swords to Plowshares Beta|REGULAR SINGLE CARDS|1
Taiga Beta|REGULAR SINGLE CARDS|1
Takenuma, Abandoned Mire borderless|HOLO SINGLE CARDS|1
Terror of the Peaks regular|HOLO SINGLE CARDS|1
Thassa's Oracle regular|HOLO SINGLE CARDS|1
Thoughtseize TSR none foil|REGULAR SINGLE CARDS|1
Time Warp - Tempest|REGULAR SINGLE CARDS|1
Tithe|REGULAR SINGLE CARDS|1
Toxic Deluge|REGULAR SINGLE CARDS|1
Tropical Island Beta|REGULAR SINGLE CARDS|1
Twilight Prophet|HOLO SINGLE CARDS|1
Ugin, the Spirit Dragon M21 Regular Art|HOLO SINGLE CARDS|1
Underground Sea Beta|REGULAR SINGLE CARDS|1
Underworld Breach extend art|HOLO SINGLE CARDS|1
Urza, Lord High Artificer|HOLO SINGLE CARDS|1
Valakut Awakening|HOLO SINGLE CARDS|1
Valki, God of Lies extend art|HOLO SINGLE CARDS|1
Vampiric Tutor 6th|REGULAR SINGLE CARDS|1
Verdant Catacombs    Italian|REGULAR SINGLE CARDS|1
Volcanic Island Beta|REGULAR SINGLE CARDS|1
Windswept Heath|REGULAR SINGLE CARDS|1
Wooded Foothills|REGULAR SINGLE CARDS|1
Wrenn and Seven regular|HOLO SINGLE CARDS|1
Yawgmoth's Will|REGULAR SINGLE CARDS|1
Olivia, Crimson Bride Regular|HOLO SINGLE CARDS|1
Vindicate Apocalypse foil|FOIL SINGLE CARDS|1
Black Market Connections extend|HOLO SINGLE CARDS|1
Nahiri, the Harbinger Mythic Edition|FOIL SINGLE CARDS|1
Sokenzan, Crucible of Defiance borderless|HOLO SINGLE CARDS|1
The Ur-Dragon CMM Regular|HOLO SINGLE CARDS|1
Esper Sentinel sketch|HOLO SINGLE CARDS|1
Deadly Rollick|HOLO SINGLE CARDS|1
Agadeem's Awakening ZNE Extend Art|HOLO SINGLE CARDS|1
